{
    "12.10.1 | Average: ": 16.53552621958904,
    "12.10.1 | Best: ": 16.53552621958904,
    "12.10.1 | STD: ": 0.0,
    "12.10.1.txt": {
        "12.10.1.txt.1": {
            "Best Score: ": 16.53552621958904,
            "Best Solution: ": "16.535526 == [[[4,6]],[[5,11,11,11,9,9,9,9,1]],[[2,8,12,12,12,12,8]]] || [[7],[3],[10]]",
            "Num_Drone: ": 3,
            "Num_Tech: ": 3,
            "Run Time: ": 0.854,
            "Score List: ": "Level 0: 23.761935 | Level 1: -0.217776 | Level 2: -0.110379 | Level 3: 0.000000 | Level 4: 0.000000 | Post Optimization: 0.000000 | Level 2: 0.000000 | Level 1: 0.000000 | Level 0: 0.000000 | Post Optimization: 0.000000 | ",
            "num level": 4
        }
    },
    "12.10.2 | Average: ": 16.076034200765505,
    "12.10.2 | Best: ": 16.076034200765505,
    "12.10.2 | STD: ": 0.0,
    "12.10.2.txt": {
        "12.10.2.txt.1": {
            "Best Score: ": 16.076034200765505,
            "Best Solution: ": "16.076034 == [[[12,10,2,7,12,12]],[[5,6,6,9,9,6,6,6,9]],[[1,9,9,9,9,9,6]]] || [[11,11,11,11,11,11,11,11],[8,4],[3]]",
            "Num_Drone: ": 3,
            "Num_Tech: ": 3,
            "Run Time: ": 2.44,
            "Score List: ": "Level 0: 25.866024 | Level 1: -0.343779 | Level 2: 0.021043 | Level 3: 0.001367 | Level 4: 0.086189 | Level 5: 0.001257 | Level 6: -0.056525 | Level 7: -0.025418 | Level 8: 0.000000 | Post Optimization: 0.000000 | Level 6: 0.000000 | Level 5: 0.000000 | Level 4: 0.000000 | Level 3: -0.010387 | Level 2: 0.000000 | Level 1: 0.000000 | Level 0: -0.063955 | Post Optimization: 0.000000 | ",
            "num level": 8
        }
    },
    "12.10.3 | Average: ": 17.01069370548575,
    "12.10.3 | Best: ": 17.01069370548575,
    "12.10.3 | STD: ": 0.0,
    "12.10.3.txt": {
        "12.10.3.txt.1": {
            "Best Score: ": 17.01069370548575,
            "Best Solution: ": "17.010694 == [[[2,8,8,2,2,2,1,8,3,8,3,3,3]],[[10,9]],[[11,5,7]]] || [[4],[12,6],[]]",
            "Num_Drone: ": 3,
            "Num_Tech: ": 3,
            "Run Time: ": 0.897,
            "Score List: ": "Level 0: 20.640938 | Level 1: 0.009794 | Level 2: -0.068937 | Level 3: -0.079830 | Level 4: -0.047395 | Post Optimization: 0.000000 | Level 2: 0.000000 | Level 1: 0.000000 | Level 0: 0.000000 | Post Optimization: 0.000000 | ",
            "num level": 4
        }
    },
    "12.10.4 | Average: ": 17.248245034254555,
    "12.10.4 | Best: ": 17.248245034254555,
    "12.10.4 | STD: ": 0.0,
    "12.10.4.txt": {
        "12.10.4.txt.1": {
            "Best Score: ": 17.248245034254555,
            "Best Solution: ": "17.248245 == [[[8,11,11]],[[3,4,5,5,5,5]],[[6]]] || [[12,7,7,1,11,11],[10,9,9,9],[2]]",
            "Num_Drone: ": 3,
            "Num_Tech: ": 3,
            "Run Time: ": 0.832,
            "Score List: ": "Level 0: 25.418082 | Level 1: -0.243030 | Level 2: 0.000000 | Level 3: -0.062781 | Level 4: 0.000000 | Post Optimization: 0.000000 | Level 2: 0.000000 | Level 1: 0.000000 | Level 0: -0.043506 | Post Optimization: 0.000000 | ",
            "num level": 4
        }
    },
    "12.20.1 | Average: ": 34.555995552616366,
    "12.20.1 | Best: ": 34.555995552616366,
    "12.20.1 | STD: ": 0.0,
    "12.20.1.txt": {
        "12.20.1.txt.1": {
            "Best Score: ": 34.555995552616366,
            "Best Solution: ": "34.555996 == [[[8,8,8,8,3,4,4,4,4,11]],[[10,12]],[[5,6,9,9,9,9]]] || [[1],[7],[2]]",
            "Num_Drone: ": 3,
            "Num_Tech: ": 3,
            "Run Time: ": 0.798,
            "Score List: ": "Level 0: 47.305970 | Level 1: -0.269521 | Level 2: 0.000000 | Level 3: 0.000000 | Level 4: 0.000000 | Post Optimization: 0.000000 | Level 2: 0.000000 | Level 1: 0.000000 | Level 0: 0.000000 | Post Optimization: 0.000000 | ",
            "num level": 4
        }
    },
    "12.20.2 | Average: ": 34.317167084509194,
    "12.20.2 | Best: ": 34.317167084509194,
    "12.20.2 | STD: ": 0.0,
    "12.20.2.txt": {
        "12.20.2.txt.1": {
            "Best Score: ": 34.317167084509194,
            "Best Solution: ": "34.317167 == [[[9]],[[8,8,7,8,8]],[[5,12,12,12]]] || [[6,6,6,1,4,4,4,10],[11,2],[3]]",
            "Num_Drone: ": 3,
            "Num_Tech: ": 3,
            "Run Time: ": 0.794,
            "Score List: ": "Level 0: 62.609889 | Level 1: -0.364675 | Level 2: -0.003934 | Level 3: -0.133488 | Level 4: 0.000000 | Post Optimization: 0.000000 | Level 2: 0.000000 | Level 1: 0.000000 | Level 0: -0.000438 | Post Optimization: 0.000000 | ",
            "num level": 4
        }
    },
    "12.20.3 | Average: ": 26.374499709244695,
    "12.20.3 | Best: ": 26.374499709244695,
    "12.20.3 | STD: ": 0.0,
    "12.20.3.txt": {
        "12.20.3.txt.1": {
            "Best Score: ": 26.374499709244695,
            "Best Solution: ": "26.374500 == [[[9,11]],[[5,4]],[[10,10,10,7,7,7,7,1]]] || [[12,12,3,6,6,6],[12,2],[8]]",
            "Num_Drone: ": 3,
            "Num_Tech: ": 3,
            "Run Time: ": 0.843,
            "Score List: ": "Level 0: 39.120803 | Level 1: -0.262695 | Level 2: -0.002158 | Level 3: -0.061018 | Level 4: 0.000000 | Post Optimization: 0.000000 | Level 2: 0.000000 | Level 1: 0.000000 | Level 0: -0.024089 | Post Optimization: 0.000000 | ",
            "num level": 4
        }
    },
    "12.20.4 | Average: ": 31.70393141459296,
    "12.20.4 | Best: ": 31.70393141459296,
    "12.20.4 | STD: ": 0.0,
    "12.20.4.txt": {
        "12.20.4.txt.1": {
            "Best Score: ": 31.70393141459296,
            "Best Solution: ": "31.703931 == [[[9,9,9,9,3,12,12,12,12,6,8]],[[4,1]],[[11,7,11,11,11]]] || [[10],[5],[2]]",
            "Num_Drone: ": 3,
            "Num_Tech: ": 3,
            "Run Time: ": 0.837,
            "Score List: ": "Level 0: 43.143486 | Level 1: -0.233843 | Level 2: -0.040864 | Level 3: 0.000000 | Level 4: 0.000000 | Post Optimization: 0.000000 | Level 2: 0.000000 | Level 1: 0.000000 | Level 0: 0.000000 | Post Optimization: 0.000000 | ",
            "num level": 4
        }
    },
    "12.5.1 | Average: ": 7.755306037780049,
    "12.5.1 | Best: ": 7.755306037780049,
    "12.5.1 | STD: ": 0.0,
    "12.5.1.txt": {
        "12.5.1.txt.1": {
            "Best Score: ": 7.755306037780049,
            "Best Solution: ": "7.755306 == [[[7,1,2,8,8,8,8,3]],[[6,6,6,6,12,4,12,12,12]],[[10,11]]] || [[9],[5],[]]",
            "Num_Drone: ": 3,
            "Num_Tech: ": 3,
            "Run Time: ": 0.844,
            "Score List: ": "Level 0: 13.273867 | Level 1: -0.338700 | Level 2: -0.116508 | Level 3: 0.000000 | Level 4: 0.000000 | Post Optimization: 0.000000 | Level 2: 0.000000 | Level 1: 0.000000 | Level 0: 0.000000 | Post Optimization: 0.000000 | ",
            "num level": 4
        }
    },
    "12.5.2 | Average: ": 7.8662443554277335,
    "12.5.2 | Best: ": 7.8662443554277335,
    "12.5.2 | STD: ": 0.0,
    "12.5.2.txt": {
        "12.5.2.txt.1": {
            "Best Score: ": 7.8662443554277335,
            "Best Solution: ": "7.866244 == [[[7,2,12,12,12,12]],[[6,11]],[[4,8,10,10,10,4,7,3]]] || [[5,9,9,9],[1],[]]",
            "Num_Drone: ": 3,
            "Num_Tech: ": 3,
            "Run Time: ": 0.87,
            "Score List: ": "Level 0: 10.140636 | Level 1: -0.050124 | Level 2: -0.183351 | Level 3: 0.000000 | Level 4: 0.000000 | Post Optimization: 0.000000 | Level 2: 0.000000 | Level 1: 0.000000 | Level 0: 0.000000 | Post Optimization: 0.000000 | ",
            "num level": 4
        }
    },
    "12.5.3 | Average: ": 8.891981283099113,
    "12.5.3 | Best: ": 8.891981283099113,
    "12.5.3 | STD: ": 0.0,
    "12.5.3.txt": {
        "12.5.3.txt.1": {
            "Best Score: ": 8.891981283099113,
            "Best Solution: ": "8.891981 == [[[9,6,4]],[[11,11,11,11,10,12,12,12,12,8,8,8,8,5]],[[3,1]]] || [[7],[2],[]]",
            "Num_Drone: ": 3,
            "Num_Tech: ": 3,
            "Run Time: ": 0.899,