{
    "10.10.1 | Average: ": 23.662745524951184,
    "10.10.1 | Best: ": 23.662745524951184,
    "10.10.1 | STD: ": 0.0,
    "10.10.1.txt": {
        "10.10.1.txt.1": {
            "Best Score: ": 23.662745524951184,
            "Best Solution: ": "23.662746 == [] || [[8,2],[7,3],[6,10,9],[5,1,4]]",
            "Num_Drone: ": 0,
            "Num_Tech: ": 4,
            "Run Time: ": 0.063,
            "Score List: ": "Level 0: 30.673401 | Level 1: 0.000000 | Level 2: 0.000000 | Level 3: 0.000000 | Level 4: 0.000000 | Level 5: 0.000000 | Post Optimization: 0.000000 | Level 3: 0.000000 | Level 2: -0.109925 | Level 1: -0.133284 | Level 0: 0.000000 | Post Optimization: 0.000000 | ",
            "num level": 5
        }
    },
    "10.10.2 | Average: ": 22.442340232920287,
    "10.10.2 | Best: ": 22.442340232920287,
    "10.10.2 | STD: ": 0.0,
    "10.10.2.txt": {
        "10.10.2.txt.1": {
            "Best Score: ": 22.442340232920287,
            "Best Solution: ": "22.442340 == [] || [[2,4],[9,6,8],[10,1,3],[7,5]]",
            "Num_Drone: ": 0,
            "Num_Tech: ": 4,
            "Run Time: ": 0.057,
            "Score List: ": "Level 0: 35.597812 | Level 1: 0.000000 | Level 2: 0.000000 | Level 3: 0.000000 | Level 4: 0.000000 | Level 5: 0.000000 | Post Optimization: 0.000000 | Level 3: 0.000000 | Level 2: -0.083303 | Level 1: -0.312269 | Level 0: 0.000000 | Post Optimization: 0.000000 | ",
            "num level": 5
        }
    },
    "10.10.3 | Average: ": 21.992227743069503,
    "10.10.3 | Best: ": 21.992227743069503,
    "10.10.3 | STD: ": 0.0,
    "10.10.3.txt": {
        "10.10.3.txt.1": {
            "Best Score: ": 21.992227743069503,
            "Best Solution: ": "21.992228 == [] || [[5,9,4],[1,10,3,8],[2,7],[6]]",
            "Num_Drone: ": 0,
            "Num_Tech: ": 4,
            "Run Time: ": 0.058,
            "Score List: ": "Level 0: 37.160951 | Level 1: 0.000000 | Level 2: 0.000000 | Level 3: 0.000000 | Level 4: 0.000000 | Level 5: 0.000000 | Post Optimization: 0.000000 | Level 3: 0.000000 | Level 2: -0.298868 | Level 1: -0.107586 | Level 0: -0.054163 | Post Optimization: 0.000000 | ",
            "num level": 5
        }
    },
    "10.10.4 | Average: ": 22.790844808343536,
    "10.10.4 | Best: ": 22.790844808343536,
    "10.10.4 | STD: ": 0.0,
    "10.10.4.txt": {
        "10.10.4.txt.1": {
            "Best Score: ": 22.790844808343536,
            "Best Solution: ": "22.790845 == [] || [[10,2],[9,3],[6,8,5],[4,1,7]]",
            "Num_Drone: ": 0,
            "Num_Tech: ": 4,
            "Run Time: ": 0.06,
            "Score List: ": "Level 0: 37.805814 | Level 1: -0.200237 | Level 2: 0.000000 | Level 3: 0.000000 | Level 4: 0.000000 | Level 5: 0.000000 | Post Optimization: 0.000000 | Level 3: 0.000000 | Level 2: -0.020263 | Level 1: -0.230637 | Level 0: 0.000000 | Post Optimization: 0.000000 | ",
            "num level": 5
        }
    },
    "10.20.1 | Average: ": 44.01271111453296,
    "10.20.1 | Best: ": 44.01271111453296,
    "10.20.1 | STD: ": 0.0,
    "10.20.1.txt": {
        "10.20.1.txt.1": {
            "Best Score: ": 44.01271111453296,
            "Best Solution: ": "44.012711 == [] || [[5],[10,1,7],[6,3],[4,2,9,8]]",
            "Num_Drone: ": 0,
            "Num_Tech: ": 4,
            "Run Time: ": 0.055,
            "Score List: ": "Level 0: 54.175337 | Level 1: -0.093257 | Level 2: 0.000000 | Level 3: 0.000000 | Level 4: 0.000000 | Level 5: 0.000000 | Post Optimization: 0.000000 | Level 3: 0.000000 | Level 2: -0.006505 | Level 1: -0.072132 | Level 0: -0.028059 | Post Optimization: 0.000000 | ",
            "num level": 5
        }
    },
    "10.20.2 | Average: ": 45.43369223099249,
    "10.20.2 | Best: ": 45.43369223099249,
    "10.20.2 | STD: ": 0.0,
    "10.20.2.txt": {
        "10.20.2.txt.1": {
            "Best Score: ": 45.43369223099249,
            "Best Solution: ": "45.433692 == [] || [[3],[5,6,4],[7,8],[2,10,9,1]]",
            "Num_Drone: ": 0,
            "Num_Tech: ": 4,
            "Run Time: ": 0.056,
            "Score List: ": "Level 0: 66.536586 | Level 1: 0.000000 | Level 2: 0.000000 | Level 3: 0.000000 | Level 4: 0.000000 | Level 5: 0.000000 | Post Optimization: 0.000000 | Level 3: 0.000000 | Level 2: -0.171659 | Level 1: -0.175656 | Level 0: 0.000000 | Post Optimization: 0.000000 | ",
            "num level": 5
        }
    },
    "10.20.3 | Average: ": 48.416058484166626,
    "10.20.3 | Best: ": 48.416058484166626,
    "10.20.3 | STD: ": 0.0,
    "10.20.3.txt": {
        "10.20.3.txt.1": {
            "Best Score: ": 48.416058484166626,
            "Best Solution: ": "48.416058 == [] || [[6,1],[9,3],[10,7,5,2],[8,4]]",
            "Num_Drone: ": 0,
            "Num_Tech: ": 4,
            "Run Time: ": 0.055,
            "Score List: ": "Level 0: 57.551543 | Level 1: -0.000112 | Level 2: 0.000000 | Level 3: 0.000000 | Level 4: 0.000000 | Level 5: 0.000000 | Post Optimization: 0.000000 | Level 3: 0.000000 | Level 2: -0.035463 | Level 1: -0.109747 | Level 0: -0.020174 | Post Optimization: 0.000000 | ",
            "num level": 5
        }
    }
}
