{
    "10.10.1 | Average: ": 18.09346866445267,
    "10.10.1 | Best: ": 18.09346866445267,
    "10.10.1 | STD: ": 0.0,
    "10.10.1.txt": {
        "10.10.1.txt.1": {
            "Best Score: ": 18.09346866445267,
            "Best Solution: ": "18.093469 == [[[9,10,10,10,5]],[[1,4,5,6,6,6,6]],[[7,7,7,3,8]]] || [[4],[2],[]]",
            "Num_Drone: ": 3,
            "Num_Tech: ": 3,
            "Run Time: ": 0.754,
            "Score List: ": "Level 0: 20.972447 | Level 1: 0.362815 | Level 2: -0.366953 | Level 3: 0.000000 | Level 4: 0.000000 | Post Optimization: 0.000000 | Level 2: 0.000000 | Level 1: 0.000000 | Level 0: 0.000000 | Post Optimization: 0.000000 | ",
            "num level": 4
        }
    },
    "10.10.2 | Average: ": 16.5011474223866,
    "10.10.2 | Best: ": 16.5011474223866,
    "10.10.2 | STD: ": 0.0,
    "10.10.2.txt": {
        "10.10.2.txt.1": {
            "Best Score: ": 16.5011474223866,
            "Best Solution: ": "16.501147 == [[[3,2,2]],[[9,9,8,8,8,9,6,9]],[[4,5,7,7]]] || [[1,10,10,10],[],[]]",
            "Num_Drone: ": 3,
            "Num_Tech: ": 3,
            "Run Time: ": 0.767,
            "Score List: ": "Level 0: 22.442340 | Level 1: -0.100044 | Level 2: 0.039428 | Level 3: -0.147280 | Level 4: 0.000000 | Post Optimization: 0.000000 | Level 2: 0.000000 | Level 1: -0.078228 | Level 0: 0.000000 | Post Optimization: 0.000000 | ",
            "num level": 4
        }
    },
    "10.10.3 | Average: ": 16.35287974028928,
    "10.10.3 | Best: ": 16.35287974028928,
    "10.10.3 | STD: ": 0.0,
    "10.10.3.txt": {
        "10.10.3.txt.1": {
            "Best Score: ": 16.35287974028928,
            "Best Solution: ": "16.352880 == [[[3,10,10,10,10,8,8,8,8]],[[1,5,9,4,9,9,9]],[[6]]] || [[7],[2],[]]",
            "Num_Drone: ": 3,
            "Num_Tech: ": 3,
            "Run Time: ": 0.806,
            "Score List: ": "Level 0: 25.710393 | Level 1: -0.251851 | Level 2: -0.144927 | Level 3: 0.000000 | Level 4: 0.000000 | Post Optimization: 0.000000 | Level 2: 0.000000 | Level 1: 0.000000 | Level 0: -0.005752 | Post Optimization: 0.000000 | ",
            "num level": 4
        }
    },
    "10.10.4 | Average: ": 15.926132516673796,
    "10.10.4 | Best: ": 15.926132516673796,
    "10.10.4 | STD: ": 0.0,
    "10.10.4.txt": {
        "10.10.4.txt.1": {
            "Best Score: ": 15.926132516673796,
            "Best Solution: ": "15.926133 == [[[10,8,8,8,8,6]],[[4,7,7,7,7,5]],[[9,9,9,9,3]]] || [[1],[2],[]]",
            "Num_Drone: ": 3,
            "Num_Tech: ": 3,
            "Run Time: ": 0.716,
            "Score List: ": "Level 0: 17.788925 | Level 1: -0.104716 | Level 2: 0.000000 | Level 3: 0.000000 | Level 4: 0.000000 | Post Optimization: 0.000000 | Level 2: 0.000000 | Level 1: 0.000000 | Level 0: 0.000000 | Post Optimization: 0.000000 | ",
            "num level": 4
        }
    },
    "10.20.1 | Average: ": 30.75587041738448,
    "10.20.1 | Best: ": 30.75587041738448,
    "10.20.1 | STD: ": 0.0,
    "10.20.1.txt": {
        "10.20.1.txt.1": {
            "Best Score: ": 30.75587041738448,
            "Best Solution: ": "30.755870 == [[[4,9,9,2,8,8,8,8]],[[3,6,6,6,6]],[[7,5,7,7]]] || [[10],[1],[]]",
            "Num_Drone: ": 3,
            "Num_Tech: ": 3,
            "Run Time: ": 0.786,
            "Score List: ": "Level 0: 41.726288 | Level 1: 0.170144 | Level 2: -0.344391 | Level 3: 0.000000 | Level 4: 0.000000 | Post Optimization: 0.000000 | Level 2: 0.000000 | Level 1: 0.000000 | Level 0: -0.039199 | Post Optimization: 0.000000 | ",
            "num level": 4
        }
    },
    "10.20.2 | Average: ": 31.74884517346463,
    "10.20.2 | Best: ": 31.74884517346463,
    "10.20.2 | STD: ": 0.0,
    "10.20.2.txt": {
        "10.20.2.txt.1": {
            "Best Score: ": 31.74884517346463,
            "Best Solution: ": "31.748845 == [[[1,9,10,10,2,2,2,10,10,10]],[[4,6,6,6,6,6,5]],[[3]]] || [[8],[9,9],[7]]",
            "Num_Drone: ": 3,
            "Num_Tech: ": 3,
            "Run Time: ": 0.933,
            "Score List: ": "Level 0: 48.918512 | Level 1: -0.201622 | Level 2: -0.037551 | Level 3: 0.000004 | Level 4: -0.096655 | Level 5: 0.000000 | Post Optimization: 0.000000 | Level 3: 0.000000 | Level 2: -0.064998 | Level 1: 0.000000 | Level 0: 0.000000 | Post Optimization: 0.000000 | ",
            "num level": 5
        }
    },
    "10.20.3 | Average: ": 33.75172693865127,
    "10.20.3 | Best: ": 33.75172693865127,
    "10.20.3 | STD: ": 0.0,
    "10.20.3.txt": {
        "10.20.3.txt.1": {
            "Best Score: ": 33.75172693865127,
            "Best Solution: ": "33.751727 == [[[3]],[[10,10,10,10,7,9,9,9,9]],[[2,1]]] || [[8,8,8,8,4],[6],[5]]",
            "Num_Drone: ": 3,
            "Num_Tech: ": 3,
            "Run Time: ": 0.714,
            "Score List: ": "Level 0: 45.036996 | Level 1: -0.250578 | Level 2: 0.000000 | Level 3: 0.000000 | Level 4: 0.000000 | Post Optimization: 0.000000 | Level 2: 0.000000 | Level 1: 0.000000 | Level 0: 0.000000 | Post Optimization: 0.000000 | ",
            "num level": 4
        }
    },
    "10.20.4 | Average: ": 30.940310193605374,
    "10.20.4 | Best: ": 30.940310193605374,
    "10.20.4 | STD: ": 0.0,
    "10.20.4.txt": {
        "10.20.4.txt.1": {
            "Best Score: ": 30.940310193605374,
            "Best Solution: ": "30.940310 == [[[5,4,10,10,10,10]],[[2,3,6,6,6,6]],[[8,9,9,9,9]]] || [[7],[1],[]]",
            "Num_Drone: ": 3,
            "Num_Tech: ": 3,
            "Run Time: ": 0.715,
            "Score List: ": "Level 0: 43.536299 | Level 1: -0.289322 | Level 2: 0.000000 | Level 3: 0.000000 | Level 4: 0.000000 | Post Optimization: 0.000000 | Level 2: 0.000000 | Level 1: 0.000000 | Level 0: 0.000000 | Post Optimization: 0.000000 | ",
            "num level": 4
        }
    },
    "10.5.1 | Average: ": 7.3895286997601035,
    "10.5.1 | Best: ": 7.3895286997601035,
    "10.5.1 | STD: ": 0.0,
    "10.5.1.txt": {
        "10.5.1.txt.1": {
            "Best Score: ": 7.3895286997601035,
            "Best Solution: ": "7.389529 == [[[8,8,8,8,7,7,7,7,3]],[[5,6,6,6,6,4]],[[9,10]]] || [[1],[2],[]]",
            "Num_Drone: ": 3,
            "Num_Tech: ": 3,
            "Run Time: ": 0.759,
            "Score List: ": "Level 0: 11.129589 | Level 1: -0.245277 | Level 2: -0.068005 | Level 3: 0.000000 | Level 4: 0.000000 | Post Optimization: 0.000000 | Level 2: 0.000000 | Level 1: 0.000000 | Level 0: -0.056077 | Post Optimization: 0.000000 | ",
            "num level": 4
        }
    },
    "10.5.2 | Average: ": 7.603525434874734,
    "10.5.2 | Best: ": 7.603525434874734,
    "10.5.2 | STD: ": 0.0,
    "10.5.2.txt": {
        "10.5.2.txt.1": {
            "Best Score: ": 7.603525434874734,
            "Best Solution: ": "7.603525 == [[[4,5,5,5,1,5,3,3,3,3]],[[10,2]],[[7,6]]] || [[8,9,9,9,9],[],[]]",
            "Num_Drone: ": 3,
            "Num_Tech: ": 3,
            "Run Time: ": 0.786,
            "Score List: ": "Level 0: 12.718601 | Level 1: -0.379780 | Level 2: -0.036105 | Level 3: 0.000000 | Level 4: 0.000000 | Post Optimization: 0.000000 | Level 2: 0.000000 | Level 1: 0.000000 | Level 0: 0.000000 | Post Optimization: 0.000000 | ",
            "num level": 4
        }
    },
    "10.5.3 | Average: ": 8.518817191689731,
    "10.5.3 | Best: ": 8.518817191689731,
    "10.5.3 | STD: ": 0.0,
    "10.5.3.txt": {
        "10.5.3.txt.1": {
            "Best Score: ": 8.518817191689731,
            "Best Solution: ": "8.518817 == [[[6,3,2]],[[4,9,10,10,10,10,9,9]],[[5,8,8,8,8,7]]] || [[1],[9],[]]",
            "Num_Drone: ": 3,
            "Num_Tech: ": 3,
            "Run Time: ": 0.768,
            "Score List: ": "Level 0: 13.088063 | Level 1: -0.324905 | Level 2: 0.033143 | Level 3: 0.136015 | Level 4: -0.147969 | Post Optimization: 0.000000 | Level 2: 0.000000 | Level 1: -0.035862 | Level 0: 0.000000 | Post Optimization: 0.000000 | ",
            "num level": 4
        }
    },
    "10.5.4 | Average: ": 8.864189504513279,