{
    "20.10.1 | Average: ": 18.113600224758116,
    "20.10.1 | Best: ": 18.113600224758116,
    "20.10.1 | STD: ": 0.0,
    "20.10.1.txt": {
        "20.10.1.txt.1": {
            "Best Score: ": 18.113600224758116,
            "Best Solution: ": "18.113600 == [[[20,4,14,8,14,8,8,14,8,14,1,3,16,16,16,16]],[[2,15,15,15,15,13,17,12,18,18,18,18,10]],[[7,19,11]]] || [[6],[9],[5]]",
            "Num_Drone: ": 3,
            "Num_Tech: ": 3,
            "Run Time: ": 2.398,
            "Score List: ": "Level 0: 30.286187 | Level 1: -0.383492 | Level 2: -0.023689 | Level 3: 0.014613 | Level 4: -0.020661 | Post Optimization: 0.000000 | Level 2: 0.000000 | Level 1: 0.000000 | Level 0: 0.000000 | Post Optimization: 0.000000 | ",
            "num level": 4
        }
    },
    "20.10.2 | Average: ": 16.86870700246315,
    "20.10.2 | Best: ": 16.86870700246315,
    "20.10.2 | STD: ": 0.0,
    "20.10.2.txt": {
        "20.10.2.txt.1": {
            "Best Score: ": 16.86870700246315,
            "Best Solution: ": "16.868707 == [[[14,14,17,9,12,12,12,12,12,12,17,1]],[[20,20,20,20,20,16,16,16,4,7,7,7,7,7,2,8,8]],[[14,15,15,15,6,10,3,13]]] || [[18,18,18],[5,19,15,15],[11]]",
            "Num_Drone: ": 3,
            "Num_Tech: ": 3,
            "Run Time: ": 4.38,
            "Score List: ": "Level 0: 26.957517 | Level 1: -0.254611 | Level 2: 0.033754 | Level 3: -0.136781 | Level 4: 0.181009 | Level 5: -0.051399 | Level 6: 0.000000 | Post Optimization: 0.000000 | Level 4: -0.074823 | Level 3: -0.006615 | Level 2: -0.063806 | Level 1: -0.003312 | Level 0: -0.020787 | Post Optimization: 0.000000 | ",
            "num level": 6
        }
    },
    "20.10.3 | Average: ": 18.063249404122526,
    "20.10.3 | Best: ": 18.063249404122526,
    "20.10.3 | STD: ": 0.0,
    "20.10.3.txt": {
        "20.10.3.txt.1": {
            "Best Score: ": 18.063249404122526,
            "Best Solution: ": "18.063249 == [[[16,16,16,10,17,17,3,2,17,17,17,17,17,16,16,16,10]],[[4,9,19,19,19,19,7,19,19,19]],[[12,5,18,18,18,14,18,18,18,18]]] || [[15,1,20,20,20,20,20,8,20],[16,16,10,6],[11,13]]",
            "Num_Drone: ": 3,
            "Num_Tech: ": 3,
            "Run Time: ": 6.476,
            "Score List: ": "Level 0: 27.990166 | Level 1: -0.347572 | Level 2: 0.106191 | Level 3: 0.030987 | Level 4: -0.096754 | Level 5: -0.021626 | Level 6: -0.000140 | Level 7: 0.000000 | Post Optimization: 0.000000 | Level 5: 0.000000 | Level 4: -0.001140 | Level 3: -0.017304 | Level 2: 0.000000 | Level 1: 0.000000 | Level 0: 0.000000 | Post Optimization: 0.000000 | ",
            "num level": 7
        }
    },
    "20.10.4 | Average: ": 21.789089720129898,
    "20.10.4 | Best: ": 21.789089720129898,
    "20.10.4 | STD: ": 0.0,
    "20.10.4.txt": {
        "20.10.4.txt.1": {
            "Best Score: ": 21.789089720129898,
            "Best Solution: ": "21.789090 == [[[13,13,13,7,12,14,9,6,11]],[[1,19,5,5,5,5,4,16,16,16,16,15]],[[8,3,20,20,20,20,8,2]]] || [[18,18,18,17,18],[10],[]]",
            "Num_Drone: ": 3,
            "Num_Tech: ": 3,
            "Run Time: ": 2.455,
            "Score List: ": "Level 0: 27.253850 | Level 1: -0.053498 | Level 2: -0.155325 | Level 3: 0.000000 | Level 4: 0.000000 | Post Optimization: 0.000000 | Level 2: 0.000000 | Level 1: 0.000000 | Level 0: 0.000000 | Post Optimization: 0.000000 | ",
            "num level": 4
        }
    },
    "20.20.1 | Average: ": 35.05171974388272,
    "20.20.1 | Best: ": 35.05171974388272,
    "20.20.1 | STD: ": 0.0,
    "20.20.1.txt": {
        "20.20.1.txt.1": {
            "Best Score: ": 35.05171974388272,
            "Best Solution: ": "35.051720 == [[[4,11,11,11,11,6]],[[15,14,14,14,14,8,20,20,20,20,13,18,5]],[[9,7,17,17,17,10,17,1]]] || [[12,2],[16],[19,19,19,19,3]]",
            "Num_Drone: ": 3,
            "Num_Tech: ": 3,
            "Run Time: ": 2.159,
            "Score List: ": "Level 0: 67.034212 | Level 1: -0.477005 | Level 2: -0.000006 | Level 3: -0.000188 | Level 4: 0.000000 | Post Optimization: 0.000000 | Level 2: 0.000000 | Level 1: 0.000000 | Level 0: 0.000000 | Post Optimization: 0.000000 | ",
            "num level": 4
        }
    },
    "20.20.2 | Average: ": 35.50541349977718,
    "20.20.2 | Best: ": 35.50541349977718,
    "20.20.2 | STD: ": 0.0,
    "20.20.2.txt": {
        "20.20.2.txt.1": {
            "Best Score: ": 35.50541349977718,
            "Best Solution: ": "35.505413 == [[[19,11,11,11,11,11,11,11,11,3,5,5,5,5,5,18,18,5,5,5,2]],[[4,19,19,18,1,16]],[[13,15,15,15,15,15,15,10,6]]] || [[17,20,20,20,7],[9,14,14,14,14,14,12,17,17],[8,17,12,12,17,20]]",
            "Num_Drone: ": 3,
            "Num_Tech: ": 3,
            "Run Time: ": 6.16,
            "Score List: ": "Level 0: 62.719487 | Level 1: -0.373786 | Level 2: -0.095536 | Level 3: 0.128516 | Level 4: -0.017803 | Level 5: -0.067619 | Level 6: -0.031156 | Level 7: -0.001784 | Level 8: 0.000000 | Post Optimization: 0.000000 | Level 6: 0.000000 | Level 5: 0.000000 | Level 4: 0.000000 | Level 3: 0.000000 | Level 2: 0.000000 | Level 1: 0.000000 | Level 0: 0.000000 | Post Optimization: 0.000000 | ",
            "num level": 8
        }
    },
    "20.20.3 | Average: ": 36.257718446855975,
    "20.20.3 | Best: ": 36.257718446855975,
    "20.20.3 | STD: ": 0.0,
    "20.20.3.txt": {
        "20.20.3.txt.1": {
            "Best Score: ": 36.257718446855975,
            "Best Solution: ": "36.257718 == [[[18,1,12,12,12,12,9,3,8,8,8,8]],[[11,10,2,13,13,13,13,5]],[[15,15,15,15,14,4]]] || [[20,16],[19,19,19,19,6,7],[17]]",
            "Num_Drone: ": 3,
            "Num_Tech: ": 3,
            "Run Time: ": 2.29,
            "Score List: ": "Level 0: 65.720151 | Level 1: -0.431425 | Level 2: 0.000000 | Level 3: 0.000000 | Level 4: 0.000000 | Post Optimization: 0.000000 | Level 2: -0.029682 | Level 1: 0.000000 | Level 0: 0.000000 | Post Optimization: 0.000000 | ",
            "num level": 4
        }
    },
    "20.20.4 | Average: ": 35.03956212445292,
    "20.20.4 | Best: ": 35.03956212445292,
    "20.20.4 | STD: ": 0.0,
    "20.20.4.txt": {
        "20.20.4.txt.1": {
            "Best Score: ": 35.03956212445292,
            "Best Solution: ": "35.039562 == [[[18,18,13,9,9,3,6,6,6,6,15,5,7,7,7,7]],[[8,17]],[[1,16,19,10]]] || [[2,14,14,14,14],[11,20],[18,18,4,13,13,12]]",
            "Num_Drone: ": 3,
            "Num_Tech: ": 3,
            "Run Time: ": 2.203,
            "Score List: ": "Level 0: 59.181803 | Level 1: -0.399793 | Level 2: 0.000000 | Level 3: -0.013563 | Level 4: 0.000000 | Post Optimization: 0.000000 | Level 2: 0.000000 | Level 1: 0.000000 | Level 0: 0.000000 | Post Optimization: 0.000000 | ",
            "num level": 4
        }
    },
    "20.5.1 | Average: ": 8.824869207648213,
    "20.5.1 | Best: ": 8.824869207648213,
    "20.5.1 | STD: ": 0.0,
    "20.5.1.txt": {
        "20.5.1.txt.1": {
            "Best Score: ": 8.824869207648213,
            "Best Solution: ": "8.824869 == [[[8,8,8,8,6,14]],[[7,4,2,17,20,20,20,20,13]],[[12,18,18,18,18,11,10,10,10,10,1,9,9,9,9]]] || [[15,19,16],[3],[5]]",
            "Num_Drone: ": 3,
            "Num_Tech: ": 3,
            "Run Time: ": 2.558,
            "Score List: ": "Level 0: 13.078366 | Level 1: -0.325232 | Level 2: 0.000000 | Level 3: 0.000000 | Level 4: 0.000000 | Post Optimization: 0.000000 | Level 2: 0.000000 | Level 1: 0.000000 | Level 0: 0.000000 | Post Optimization: 0.000000 | ",
            "num level": 4
        }
    },
    "20.5.2 | Average: ": 8.620289945735294,
    "20.5.2 | Best: ": 8.620289945735294,
    "20.5.2 | STD: ": 0.0,
    "20.5.2.txt": {
        "20.5.2.txt.1": {
            "Best Score: ": 8.620289945735294,
            "Best Solution: ": "8.620290 == [[[15,15,15,16,16,16,3,18,18,18,18,14]],[[7,13,13,13,13,8,9,9,9,9,2,1]],[[5,17,6,20,4]]] || [[12,15,16],[19,10],[11]]",
            "Num_Drone: ": 3,
            "Num_Tech: ": 3,
            "Run Time: ": 2.415,