{
    "10.10.1 | Average: ": 18.09346866445267,
    "10.10.1 | Best: ": 18.09346866445267,
    "10.10.1 | STD: ": 0.0,
    "10.10.1.txt": {
        "10.10.1.txt.1": {
            "Best Score: ": 18.09346866445267,
            "Best Solution: ": "18.093469 == [[[7,7,3,8]],[[1,5,5,4,10,6,6]],[[5,5,4,10,6,6,6]]] || [[10],[2],[9]]",
            "Num_Drone: ": 3,
            "Num_Tech: ": 3,
            "Run Time: ": 0.235,
            "Score List: ": "Level 0: 20.972447 | Level 1: 0.022720 | Level 2: 0.460418 | Level 3: -0.422385 | Level 4: 0.000000 | Post Optimization: 0.000000 | Level 2: 0.000000 | Level 1: 0.000000 | Level 0: 0.000000 | Post Optimization: 0.000000 | ",
            "num level": 4
        }
    },
    "10.10.2 | Average: ": 17.783247896155107,
    "10.10.2 | Best: ": 17.783247896155107,
    "10.10.2 | STD: ": 0.0,
    "10.10.2.txt": {
        "10.10.2.txt.1": {
            "Best Score: ": 17.783247896155107,
            "Best Solution: ": "17.783248 == [[[5]],[[4,7,7,7,7,7,9,9,9,9,9,6]],[[8]]] || [[3],[2],[10,10,10,10,10,1]]",
            "Num_Drone: ": 3,
            "Num_Tech: ": 3,
            "Run Time: ": 0.197,
            "Score List: ": "Level 0: 22.442340 | Level 1: -0.202331 | Level 2: 0.000000 | Level 3: 0.000000 | Level 4: -0.006609 | Level 5: 0.000000 | Post Optimization: 0.000000 | Level 3: 0.000000 | Level 2: 0.000000 | Level 1: 0.000000 | Level 0: 0.000000 | Post Optimization: 0.000000 | ",
            "num level": 5
        }
    },
    "10.10.3 | Average: ": 16.35287974028928,
    "10.10.3 | Best: ": 16.35287974028928,
    "10.10.3 | STD: ": 0.0,
    "10.10.3.txt": {
        "10.10.3.txt.1": {
            "Best Score: ": 16.35287974028928,
            "Best Solution: ": "16.352880 == [[[10,3,10,8,8,8,8]],[[1,5,5,5,5,4,9,9,9]],[[6]]] || [[7],[2],[]]",
            "Num_Drone: ": 3,
            "Num_Tech: ": 3,
            "Run Time: ": 0.132,
            "Score List: ": "Level 0: 25.710393 | Level 1: -0.251575 | Level 2: -0.150160 | Level 3: 0.000000 | Level 4: 0.000000 | Post Optimization: 0.000000 | Level 2: 0.000000 | Level 1: 0.000000 | Level 0: 0.000000 | Post Optimization: 0.000000 | ",
            "num level": 4
        }
    },
    "10.10.4 | Average: ": 15.84270235897832,
    "10.10.4 | Best: ": 15.84270235897832,
    "10.10.4 | STD: ": 0.0,
    "10.10.4.txt": {
        "10.10.4.txt.1": {
            "Best Score: ": 15.84270235897832,
            "Best Solution: ": "15.842702 == [[[6,9,10,10,10,10]],[[5,5,5,5,2]],[[3]]] || [[4],[8],[1,7,7,7,7]]",
            "Num_Drone: ": 3,
            "Num_Tech: ": 3,
            "Run Time: ": 0.141,
            "Score List: ": "Level 0: 17.788925 | Level 1: -0.109406 | Level 2: 0.000000 | Level 3: 0.000000 | Level 4: 0.000000 | Post Optimization: 0.000000 | Level 2: 0.000000 | Level 1: 0.000000 | Level 0: 0.000000 | Post Optimization: 0.000000 | ",
            "num level": 4
        }
    },
    "10.20.1 | Average: ": 30.919627253168137,
    "10.20.1 | Best: ": 30.919627253168137,
    "10.20.1 | STD: ": 0.0,
    "10.20.1.txt": {
        "10.20.1.txt.1": {
            "Best Score: ": 30.919627253168137,
            "Best Solution: ": "30.919627 == [[[7,9,9,9,4]],[[5]],[[6,6,6,6,3,8,8,8]]] || [[4,7,1],[2],[10]]",
            "Num_Drone: ": 3,
            "Num_Tech: ": 3,
            "Run Time: ": 0.141,
            "Score List: ": "Level 0: 41.726288 | Level 1: -0.007187 | Level 2: -0.253625 | Level 3: 0.000000 | Level 4: 0.000000 | Post Optimization: 0.000000 | Level 2: 0.000000 | Level 1: 0.000000 | Level 0: 0.000000 | Post Optimization: 0.000000 | ",
            "num level": 4
        }
    },
    "10.20.2 | Average: ": 31.67275521681914,
    "10.20.2 | Best: ": 31.67275521681914,
    "10.20.2 | STD: ": 0.0,
    "10.20.2.txt": {
        "10.20.2.txt.1": {
            "Best Score: ": 31.67275521681914,
            "Best Solution: ": "31.672755 == [[[9,9,9,9,1,7]],[[4,6,6,6,6]],[[3]]] || [[2,10,10,10,10],[8],[5]]",
            "Num_Drone: ": 3,
            "Num_Tech: ": 3,
            "Run Time: ": 0.135,
            "Score List: ": "Level 0: 48.918512 | Level 1: -0.352541 | Level 2: 0.000000 | Level 3: 0.000000 | Level 4: 0.000000 | Post Optimization: 0.000000 | Level 2: 0.000000 | Level 1: 0.000000 | Level 0: 0.000000 | Post Optimization: 0.000000 | ",
            "num level": 4
        }
    },
    "10.20.3 | Average: ": 33.832908338333304,
    "10.20.3 | Best: ": 33.832908338333304,
    "10.20.3 | STD: ": 0.0,
    "10.20.3.txt": {
        "10.20.3.txt.1": {
            "Best Score: ": 33.832908338333304,
            "Best Solution: ": "33.832908 == [[[6,6,6,6,2,7]],[[3,9,9,9,9]],[[1,8]]] || [[],[5],[10,10,10,10,4]]",
            "Num_Drone: ": 3,
            "Num_Tech: ": 3,
            "Run Time: ": 0.136,
            "Score List: ": "Level 0: 45.036996 | Level 1: -0.248775 | Level 2: 0.000000 | Level 3: 0.000000 | Level 4: 0.000000 | Post Optimization: 0.000000 | Level 2: 0.000000 | Level 1: 0.000000 | Level 0: 0.000000 | Post Optimization: 0.000000 | ",
            "num level": 4
        }
    },
    "10.20.4 | Average: ": 30.940310193605374,
    "10.20.4 | Best: ": 30.940310193605374,
    "10.20.4 | STD: ": 0.0,
    "10.20.4.txt": {
        "10.20.4.txt.1": {
            "Best Score: ": 30.940310193605374,
            "Best Solution: ": "30.940310 == [[[5,4,10,10,10,10]],[[9,9,9,9,8]],[[2,3,6,6,6,6]]] || [[7],[],[1]]",
            "Num_Drone: ": 3,
            "Num_Tech: ": 3,
            "Run Time: ": 0.131,
            "Score List: ": "Level 0: 43.536299 | Level 1: -0.289322 | Level 2: 0.000000 | Level 3: 0.000000 | Level 4: 0.000000 | Post Optimization: 0.000000 | Level 2: 0.000000 | Level 1: 0.000000 | Level 0: 0.000000 | Post Optimization: 0.000000 | ",
            "num level": 4
        }
    },
    "10.5.1 | Average: ": 8.071820684836354,
    "10.5.1 | Best: ": 8.071820684836354,
    "10.5.1 | STD: ": 0.0,
    "10.5.1.txt": {
        "10.5.1.txt.1": {
            "Best Score: ": 8.071820684836354,
            "Best Solution: ": "8.071821 == [[[10]],[[5,6,6,6,6,9,9,9,9,1]],[[4,4,4,4,2]]] || [[7],[8],[3]]",
            "Num_Drone: ": 3,
            "Num_Tech: ": 3,
            "Run Time: ": 0.141,
            "Score List: ": "Level 0: 11.129589 | Level 1: -0.274742 | Level 2: 0.000000 | Level 3: 0.000000 | Level 4: 0.000000 | Post Optimization: 0.000000 | Level 2: 0.000000 | Level 1: 0.000000 | Level 0: 0.000000 | Post Optimization: 0.000000 | ",
            "num level": 4
        }
    },
    "10.5.2 | Average: ": 7.603525434874734,
    "10.5.2 | Best: ": 7.603525434874734,
    "10.5.2 | STD: ": 0.0,
    "10.5.2.txt": {
        "10.5.2.txt.1": {
            "Best Score: ": 7.603525434874734,
            "Best Solution: ": "7.603525 == [[[10,2]],[[5,5,5,5,1]],[[6,7]]] || [[8,9,9,9,9],[3,4,4,4,4],[]]",
            "Num_Drone: ": 3,
            "Num_Tech: ": 3,
            "Run Time: ": 0.135,
            "Score List: ": "Level 0: 12.718601 | Level 1: -0.402173 | Level 2: 0.000000 | Level 3: 0.000000 | Level 4: 0.000000 | Post Optimization: 0.000000 | Level 2: 0.000000 | Level 1: 0.000000 | Level 0: 0.000000 | Post Optimization: 0.000000 | ",
            "num level": 4
        }
    },
    "10.5.3 | Average: ": 8.045185909447174,
    "10.5.3 | Best: ": 8.045185909447174,
    "10.5.3 | STD: ": 0.0,
    "10.5.3.txt": {
        "10.5.3.txt.1": {
            "Best Score: ": 8.045185909447174,
            "Best Solution: ": "8.045186 == [[[8,8,8,8,7]],[[10,10,10,10,9]],[[2,3,6,6,6,6]]] || [[5],[4],[1]]",
            "Num_Drone: ": 3,
            "Num_Tech: ": 3,
            "Run Time: ": 0.138,
            "Score List: ": "Level 0: 13.088063 | Level 1: -0.384747 | Level 2: 0.000000 | Level 3: 0.000000 | Level 4: 0.000000 | Post Optimization: 0.000000 | Level 2: 0.000000 | Level 1: 0.000000 | Level 0: -0.000904 | Post Optimization: 0.000000 | ",
            "num level": 4
        }
    },
    "10.5.4 | Average: ": 9.856472371300761,