{
    "12.10.1 | Average: ": 16.845997273359746,
    "12.10.1 | Best: ": 16.845997273359746,
    "12.10.1 | STD: ": 0.0,
    "12.10.1.txt": {
        "12.10.1.txt.1": {
            "Best Score: ": 16.845997273359746,
            "Best Solution: ": "16.845997 == [[[5,11,11,11,11,4,12,12,12,12,8]],[[10,6]],[[9,9,9,9,1]]] || [[2],[7],[3]]",
            "Num_Drone: ": 3,
            "Num_Tech: ": 3,
            "Run Time: ": 0.166,
            "Score List: ": "Level 0: 23.761935 | Level 1: -0.291051 | Level 2: 0.000000 | Level 3: 0.000000 | Level 4: 0.000000 | Post Optimization: 0.000000 | Level 2: 0.000000 | Level 1: 0.000000 | Level 0: 0.000000 | Post Optimization: 0.000000 | ",
            "num level": 4
        }
    },
    "12.10.2 | Average: ": 15.815305768748024,
    "12.10.2 | Best: ": 15.815305768748024,
    "12.10.2 | STD: ": 0.0,
    "12.10.2.txt": {
        "12.10.2.txt.1": {
            "Best Score: ": 15.815305768748024,
            "Best Solution: ": "15.815306 == [[[12,12,3,11,1,12,12,12,12]],[[6,6,9,9,9,6,6,6,6,6,9,9,9,9]],[[10,2]]] || [[12,8,4],[7],[5]]",
            "Num_Drone: ": 3,
            "Num_Tech: ": 3,
            "Run Time: ": 0.362,
            "Score List: ": "Level 0: 25.866024 | Level 1: -0.348920 | Level 2: 0.029590 | Level 3: 0.001366 | Level 4: 0.086149 | Level 5: 0.001256 | Level 6: 0.079216 | Level 7: -0.074564 | Post Optimization: 0.000000 | Level 5: 0.000000 | Level 4: 0.000000 | Level 3: 0.000000 | Level 2: 0.000000 | Level 1: -0.160206 | Level 0: -0.001393 | Post Optimization: 0.000000 | ",
            "num level": 7
        }
    },
    "12.10.3 | Average: ": 14.11491196279782,
    "12.10.3 | Best: ": 14.11491196279782,
    "12.10.3 | STD: ": 0.0,
    "12.10.3.txt": {
        "12.10.3.txt.1": {
            "Best Score: ": 14.11491196279782,
            "Best Solution: ": "14.114912 == [[[9,4,11,11,11,11]],[[10]],[[6,7,5]]] || [[3,3,3,3],[12],[1,2,8,8,8,8]]",
            "Num_Drone: ": 3,
            "Num_Tech: ": 3,
            "Run Time: ": 0.152,
            "Score List: ": "Level 0: 20.640938 | Level 1: -0.091547 | Level 2: -0.138420 | Level 3: 0.000000 | Level 4: 0.000000 | Post Optimization: 0.000000 | Level 2: 0.000000 | Level 1: 0.000000 | Level 0: -0.126323 | Post Optimization: 0.000000 | ",
            "num level": 4
        }
    },
    "12.10.4 | Average: ": 17.248245034254555,
    "12.10.4 | Best: ": 17.248245034254555,
    "12.10.4 | STD: ": 0.0,
    "12.10.4.txt": {
        "12.10.4.txt.1": {
            "Best Score: ": 17.248245034254555,
            "Best Solution: ": "17.248245 == [[[3,4,5,5,5,5]],[[8,12]],[[6]]] || [[7,11,11,11,11,1],[2],[9,10,10,10,10]]",
            "Num_Drone: ": 3,
            "Num_Tech: ": 3,
            "Run Time: ": 0.155,
            "Score List: ": "Level 0: 25.418082 | Level 1: -0.321418 | Level 2: 0.000000 | Level 3: 0.000000 | Level 4: 0.000000 | Post Optimization: 0.000000 | Level 2: 0.000000 | Level 1: 0.000000 | Level 0: 0.000000 | Post Optimization: 0.000000 | ",
            "num level": 4
        }
    },
    "12.20.1 | Average: ": 34.555995552616366,
    "12.20.1 | Best: ": 34.555995552616366,
    "12.20.1 | STD: ": 0.0,
    "12.20.1.txt": {
        "12.20.1.txt.1": {
            "Best Score: ": 34.555995552616366,
            "Best Solution: ": "34.555996 == [[[3,11,11,11,11,4]],[[8,10,10,10,10,12]],[[5,6,9,9,9,9]]] || [[1],[2],[7]]",
            "Num_Drone: ": 3,
            "Num_Tech: ": 3,
            "Run Time: ": 0.153,
            "Score List: ": "Level 0: 47.305970 | Level 1: -0.269521 | Level 2: 0.000000 | Level 3: 0.000000 | Level 4: 0.000000 | Post Optimization: 0.000000 | Level 2: 0.000000 | Level 1: 0.000000 | Level 0: 0.000000 | Post Optimization: 0.000000 | ",
            "num level": 4
        }
    },
    "12.20.2 | Average: ": 44.54863679757879,
    "12.20.2 | Best: ": 44.54863679757879,
    "12.20.2 | STD: ": 0.0,
    "12.20.2.txt": {
        "12.20.2.txt.1": {
            "Best Score: ": 44.54863679757879,
            "Best Solution: ": "44.548637 == [[[6,6,6,6,1,10,10,10,10,2,11,11,11,11]],[[7,3]],[[4,12,5]]] || [[8],[9],[]]",
            "Num_Drone: ": 3,
            "Num_Tech: ": 3,
            "Run Time: ": 0.161,
            "Score List: ": "Level 0: 62.609889 | Level 1: -0.279595 | Level 2: -0.012323 | Level 3: 0.000000 | Level 4: 0.000000 | Post Optimization: 0.000000 | Level 2: 0.000000 | Level 1: 0.000000 | Level 0: 0.000000 | Post Optimization: 0.000000 | ",
            "num level": 4
        }
    },
    "12.20.3 | Average: ": 33.30305004209853,
    "12.20.3 | Best: ": 33.30305004209853,
    "12.20.3 | STD: ": 0.0,
    "12.20.3.txt": {
        "12.20.3.txt.1": {
            "Best Score: ": 33.30305004209853,
            "Best Solution: ": "33.303050 == [[[11,11,11,11,6,2,6,6,6]],[[8,7,5]],[[1,9,10,10,10,10]]] || [[12],[4],[3]]",
            "Num_Drone: ": 3,
            "Num_Tech: ": 3,
            "Run Time: ": 0.16,
            "Score List: ": "Level 0: 39.120803 | Level 1: 0.279579 | Level 2: -0.334713 | Level 3: 0.000000 | Level 4: 0.000000 | Post Optimization: 0.000000 | Level 2: 0.000000 | Level 1: 0.000000 | Level 0: 0.000000 | Post Optimization: 0.000000 | ",
            "num level": 4
        }
    },
    "12.20.4 | Average: ": 33.054688564377095,
    "12.20.4 | Best: ": 33.054688564377095,
    "12.20.4 | STD: ": 0.0,
    "12.20.4.txt": {
        "12.20.4.txt.1": {
            "Best Score: ": 33.054688564377095,
            "Best Solution: ": "33.054689 == [[[5,5,5,2,10,10,10,10,9]],[[7,11,11,11,11]],[[3,12,8]]] || [[6],[4],[8,1]]",
            "Num_Drone: ": 3,
            "Num_Tech: ": 3,
            "Run Time: ": 0.175,
            "Score List: ": "Level 0: 43.143486 | Level 1: -0.190815 | Level 2: -0.053175 | Level 3: 0.000000 | Level 4: 0.000000 | Post Optimization: 0.000000 | Level 2: 0.000000 | Level 1: 0.000000 | Level 0: 0.000000 | Post Optimization: 0.000000 | ",
            "num level": 4
        }
    },
    "12.5.1 | Average: ": 8.019021477273203,
    "12.5.1 | Best: ": 8.019021477273203,
    "12.5.1 | STD: ": 0.0,
    "12.5.1.txt": {
        "12.5.1.txt.1": {
            "Best Score: ": 8.019021477273203,
            "Best Solution: ": "8.019021 == [[[3,3,3,3,1,2,8,8,8,8]],[[12,4,10,10,10,10]],[[7,9,11]]] || [[5],[6],[]]",
            "Num_Drone: ": 3,
            "Num_Tech: ": 3,
            "Run Time: ": 0.167,
            "Score List: ": "Level 0: 13.273867 | Level 1: -0.342243 | Level 2: -0.081544 | Level 3: 0.000000 | Level 4: 0.000000 | Post Optimization: 0.000000 | Level 2: 0.000000 | Level 1: 0.000000 | Level 0: 0.000000 | Post Optimization: 0.000000 | ",
            "num level": 4
        }
    },
    "12.5.2 | Average: ": 8.326435197296071,
    "12.5.2 | Best: ": 8.326435197296071,
    "12.5.2 | STD: ": 0.0,
    "12.5.2.txt": {
        "12.5.2.txt.1": {
            "Best Score: ": 8.326435197296071,
            "Best Solution: ": "8.326435 == [[[3,5,5,5,5,11]],[[7,6]],[[4,9,9,9,9,1]]] || [[10,10,10,10,8],[12],[2]]",
            "Num_Drone: ": 3,
            "Num_Tech: ": 3,
            "Run Time: ": 0.156,
            "Score List: ": "Level 0: 10.140636 | Level 1: -0.178904 | Level 2: 0.000000 | Level 3: 0.000000 | Level 4: 0.000000 | Post Optimization: 0.000000 | Level 2: 0.000000 | Level 1: 0.000000 | Level 0: 0.000000 | Post Optimization: 0.000000 | ",
            "num level": 4
        }
    },
    "12.5.3 | Average: ": 8.891981283099113,
    "12.5.3 | Best: ": 8.891981283099113,
    "12.5.3 | STD: ": 0.0,
    "12.5.3.txt": {
        "12.5.3.txt.1": {
            "Best Score: ": 8.891981283099113,
            "Best Solution: ": "8.891981 == [[[7,6,9,3]],[[11,11,11,11,1,12,10]],[[8,8,8,5,12,12,12,10]]] || [[2],[],[4]]",
            "Num_Drone: ": 3,
            "Num_Tech: ": 3,
            "Run Time: ": 0.171,