{
    "10.10.1 | Average: ": 18.09346866445267,
    "10.10.1 | Best: ": 18.09346866445267,
    "10.10.1 | STD: ": 0.0,
    "10.10.1.txt": {
        "10.10.1.txt.1": {
            "Best Score: ": 18.09346866445267,
            "Best Solution: ": "18.093469 == [[[7,3,8]]] || [[2],[5,4,1],[10],[9,6]]",
            "Num_Drone: ": 1,
            "Num_Tech: ": 4,
            "Run Time: ": 0.062,
            "Score List: ": "Level 0: 28.867186 | Level 1: -0.344637 | Level 2: 0.000000 | Level 3: 0.000000 | Level 4: 0.000000 | Post Optimization: 0.000000 | Level 2: 0.000000 | Level 1: -0.012061 | Level 0: -0.031934 | Post Optimization: 0.000000 | ",
            "num level": 4
        }
    }
}
