{
    "20.10.1 | Average: ": 18.113600224758116,
    "20.10.1 | Best: ": 18.113600224758116,
    "20.10.1 | STD: ": 0.0,
    "20.10.1.txt": {
        "20.10.1.txt.1": {
            "Best Score: ": 18.113600224758116,
            "Best Solution: ": "18.113600 == [[[20,1,8,14,8,14,14,8,8,14,3,16,16,16,16,19,19,19,19,11]],[[10,12,18,17,17,17,17,13,15]],[[7]]] || [[2,6,4],[5],[9]]",
            "Num_Drone: ": 3,
            "Num_Tech: ": 3,
            "Run Time: ": 0.56,
            "Score List: ": "Level 0: 30.286187 | Level 1: -0.401919 | Level 2: 0.003324 | Level 3: 0.030130 | Level 4: -0.032464 | Post Optimization: 0.000000 | Level 2: 0.000000 | Level 1: 0.000000 | Level 0: 0.000000 | Post Optimization: 0.000000 | ",
            "num level": 4
        }
    },
    "20.10.2 | Average: ": 17.212281647708238,
    "20.10.2 | Best: ": 17.212281647708238,
    "20.10.2 | STD: ": 0.0,
    "20.10.2.txt": {
        "20.10.2.txt.1": {
            "Best Score: ": 17.212281647708238,
            "Best Solution: ": "17.212282 == [[[1,17,17,17,12,12,12,12,12,9,15,15,15,15]],[[8,2,4,18,7,7,7,18,18,18,18]],[[11,20,20,20,20,20,16]]] || [[13,3],[10,10],[14,5,19,6]]",
            "Num_Drone: ": 3,
            "Num_Tech: ": 3,
            "Run Time: ": 0.625,
            "Score List: ": "Level 0: 26.957517 | Level 1: -0.265794 | Level 2: 0.067744 | Level 3: 0.081540 | Level 4: -0.135701 | Level 5: 0.000000 | Post Optimization: 0.000000 | Level 3: 0.000000 | Level 2: 0.000000 | Level 1: -0.116688 | Level 0: -0.013600 | Post Optimization: 0.000000 | ",
            "num level": 5
        }
    },
    "20.10.3 | Average: ": 17.8551067601856,
    "20.10.3 | Best: ": 17.8551067601856,
    "20.10.3 | STD: ": 0.0,
    "20.10.3.txt": {
        "20.10.3.txt.1": {
            "Best Score: ": 17.8551067601856,
            "Best Solution: ": "17.855107 == [[[16,16,16,2,17,17,17,17,17,17,10,10,10,3,6,12,12,12,12,12,12]],[[4,5,18,18,18,18,18,18,14]],[[8,20,20,20,20,11]]] || [[13,1],[15,7,19,19,19,19],[9]]",
            "Num_Drone: ": 3,
            "Num_Tech: ": 3,
            "Run Time: ": 0.844,
            "Score List: ": "Level 0: 27.990166 | Level 1: -0.279730 | Level 2: 0.026754 | Level 3: -0.049055 | Level 4: -0.004958 | Level 5: -0.062037 | Level 6: 0.000000 | Post Optimization: 0.000000 | Level 4: 0.000000 | Level 3: 0.000000 | Level 2: 0.000000 | Level 1: 0.000000 | Level 0: -0.028120 | Post Optimization: 0.000000 | ",
            "num level": 6
        }
    },
    "20.10.4 | Average: ": 22.660174444749142,
    "20.10.4 | Best: ": 22.660174444749142,
    "20.10.4 | STD: ": 0.0,
    "20.10.4.txt": {
        "20.10.4.txt.1": {
            "Best Score: ": 22.660174444749142,
            "Best Solution: ": "22.660174 == [[[7,11,17,18,18,18,18]],[[3,14,6,13,13,13,13,15]],[[2,8,8,8,8,20,9,12]]] || [[5,5,5,5,1,4,16,16,16,16],[19],[10]]",
            "Num_Drone: ": 3,
            "Num_Tech: ": 3,
            "Run Time: ": 0.458,
            "Score List: ": "Level 0: 27.253850 | Level 1: -0.168551 | Level 2: 0.000000 | Level 3: 0.000000 | Level 4: 0.000000 | Post Optimization: 0.000000 | Level 2: 0.000000 | Level 1: 0.000000 | Level 0: 0.000000 | Post Optimization: 0.000000 | ",
            "num level": 4
        }
    },
    "20.20.1 | Average: ": 35.058526833410816,
    "20.20.1 | Best: ": 35.058526833410816,
    "20.20.1 | STD: ": 0.0,
    "20.20.1.txt": {
        "20.20.1.txt.1": {
            "Best Score: ": 35.058526833410816,
            "Best Solution: ": "35.058527 == [[[6,11,11,11,11,4]],[[9,9,1,17,17,17,17,10,2]],[[8,18,13,20,20,20,14,15,15,15,15]]] || [[3,19,19,19,19],[7,16],[5,12]]",
            "Num_Drone: ": 3,
            "Num_Tech: ": 3,
            "Run Time: ": 0.412,
            "Score List: ": "Level 0: 67.034212 | Level 1: -0.414687 | Level 2: -0.098502 | Level 3: 0.000000 | Level 4: 0.000000 | Post Optimization: 0.000000 | Level 2: 0.000000 | Level 1: 0.000000 | Level 0: -0.008839 | Post Optimization: 0.000000 | ",
            "num level": 4
        }
    },
    "20.20.2 | Average: ": 36.233646370826975,
    "20.20.2 | Best: ": 36.233646370826975,
    "20.20.2 | STD: ": 0.0,
    "20.20.2.txt": {
        "20.20.2.txt.1": {
            "Best Score: ": 36.233646370826975,
            "Best Solution: ": "36.233646 == [[[13,15,15,15,15,10,6]],[[4,19,19,9,11,14,14,14,12,20,20,17,17,17,17,20,8]],[[4,4,2,16,18]]] || [[1,5],[3],[14,7,14,12]]",
            "Num_Drone: ": 3,
            "Num_Tech: ": 3,
            "Run Time: ": 0.449,
            "Score List: ": "Level 0: 62.719487 | Level 1: -0.353188 | Level 2: 0.040997 | Level 3: -0.142011 | Level 4: 0.000000 | Post Optimization: 0.000000 | Level 2: 0.000000 | Level 1: 0.000000 | Level 0: 0.000000 | Post Optimization: 0.000000 | ",
            "num level": 4
        }
    },
    "20.20.3 | Average: ": 37.366822005404195,
    "20.20.3 | Best: ": 37.366822005404195,
    "20.20.3 | STD: ": 0.0,
    "20.20.3.txt": {
        "20.20.3.txt.1": {
            "Best Score: ": 37.366822005404195,
            "Best Solution: ": "37.366822 == [[[7,19,19,19,19,6,14,15,15,15,14,15,1]],[[12,9,8,8,8,3,18]],[[13,13,13,13,5,2,10,10,10,10,11]]] || [[20,16],[17],[4]]",
            "Num_Drone: ": 3,
            "Num_Tech: ": 3,
            "Run Time: ": 0.426,
            "Score List: ": "Level 0: 65.720151 | Level 1: -0.367389 | Level 2: -0.050665 | Level 3: -0.022962 | Level 4: 0.000000 | Post Optimization: 0.000000 | Level 2: -0.031010 | Level 1: 0.000000 | Level 0: 0.000000 | Post Optimization: 0.000000 | ",
            "num level": 4
        }
    },
    "20.20.4 | Average: ": 35.786872519765154,
    "20.20.4 | Best: ": 35.786872519765154,
    "20.20.4 | STD: ": 0.0,
    "20.20.4.txt": {
        "20.20.4.txt.1": {
            "Best Score: ": 35.786872519765154,
            "Best Solution: ": "35.786873 == [[[18,18,18,13,8,7,6,6,6,6,3,9,9,9,9]],[[15,5,7,10]],[[11,17,20]]] || [[4,1,14,14,14,14],[19],[2,16,16,16,16,12]]",
            "Num_Drone: ": 3,
            "Num_Tech: ": 3,
            "Run Time: ": 0.441,
            "Score List: ": "Level 0: 59.181803 | Level 1: -0.358214 | Level 2: -0.057795 | Level 3: 0.000000 | Level 4: 0.000000 | Post Optimization: 0.000000 | Level 2: 0.000000 | Level 1: 0.000000 | Level 0: 0.000000 | Post Optimization: 0.000000 | ",
            "num level": 4
        }
    },
    "20.5.1 | Average: ": 8.824869207648213,
    "20.5.1 | Best: ": 8.824869207648213,
    "20.5.1 | STD: ": 0.0,
    "20.5.1.txt": {
        "20.5.1.txt.1": {
            "Best Score: ": 8.824869207648213,
            "Best Solution: ": "8.824869 == [[[20,6,8,8,8,8,8,8,14,20,20,20]],[[12,9,1,10,10,10,10,10,10,18,18,18,18,11,18,18]],[[20,20,13,4,4,4,4,4,4,2,17]]] || [[3,7],[16,19,15],[5]]",
            "Num_Drone: ": 3,
            "Num_Tech: ": 3,
            "Run Time: ": 0.873,
            "Score List: ": "Level 0: 13.078366 | Level 1: -0.265645 | Level 2: 0.000000 | Level 3: -0.009867 | Level 4: -0.018381 | Level 5: -0.043628 | Level 6: 0.000000 | Post Optimization: 0.000000 | Level 4: 0.000000 | Level 3: -0.006919 | Level 2: -0.004592 | Level 1: 0.000000 | Level 0: 0.000000 | Post Optimization: 0.000000 | ",
            "num level": 6
        }
    },
    "20.5.2 | Average: ": 9.810588109113793,
    "20.5.2 | Best: ": 9.810588109113793,
    "20.5.2 | STD: ": 0.0,
    "20.5.2.txt": {
        "20.5.2.txt.1": {
            "Best Score: ": 9.810588109113793,
            "Best Solution: ": "9.810588 == [[[19,10,11]],[[15,15,16,16,16,16,12,12,12,12,7,13,13,13,2,1]],[[5,4,20,6,17,17,17,17]]] || [[3],[18,18,14],[8,9,9,9]]",
            "Num_Drone: ": 3,
            "Num_Tech: ": 3,
            "Run Time: ": 0.45,
            "Score List: ": "Level 0: 13.116318 | Level 1: -0.087996 | Level 2: -0.174971 | Level 3: 0.000000 | Level 4: 0.000000 | Post Optimization: 0.000000 | Level 2: 0.000000 | Level 1: 0.000000 | Level 0: -0.005929 | Post Optimization: 0.000000 | ",
            "num level": 4
        }
    },