{
    "6.10.1 | Average: ": 17.75020496508027,
    "6.10.1 | Best: ": 17.75020496508027,
    "6.10.1 | STD: ": 0.0,
    "6.10.1.txt": {
        "6.10.1.txt.1": {
            "Best Score: ": 17.75020496508027,
            "Best Solution: ": "17.750205 == [] || [[2,3],[1],[6],[4,5]]",
            "Num_Drone: ": 0,
            "Num_Tech: ": 4,
            "Run Time: ": 0.038,
            "Score List: ": "Level 0: 21.443657 | Level 1: 0.000000 | Level 2: 0.000000 | Level 3: 0.000000 | Level 4: 0.000000 | Post Optimization: 0.000000 | Level 2: 0.000000 | Level 1: 0.000000 | Level 0: -0.172240 | Post Optimization: 0.000000 | ",
            "num level": 4
        }
    },
    "6.10.2 | Average: ": 22.41218680481437,
    "6.10.2 | Best: ": 22.41218680481437,
    "6.10.2 | STD: ": 0.0,
    "6.10.2.txt": {
        "6.10.2.txt.1": {
            "Best Score: ": 22.41218680481437,
            "Best Solution: ": "22.412187 == [] || [[3],[1,2],[6],[4,5]]",
            "Num_Drone: ": 0,
            "Num_Tech: ": 4,
            "Run Time: ": 0.036,
            "Score List: ": "Level 0: 29.174714 | Level 1: -0.000000 | Level 2: 0.000000 | Level 3: 0.000000 | Level 4: 0.000000 | Post Optimization: 0.000000 | Level 2: 0.000000 | Level 1: 0.000000 | Level 0: -0.231794 | Post Optimization: 0.000000 | ",
            "num level": 4
        }
    },
    "6.10.3 | Average: ": 20.618576585386883,
    "6.10.3 | Best: ": 20.618576585386883,
    "6.10.3 | STD: ": 0.0,
    "6.10.3.txt": {
        "6.10.3.txt.1": {
            "Best Score: ": 20.618576585386883,
            "Best Solution: ": "20.618577 == [] || [[5,2],[6,4],[3],[1]]",
            "Num_Drone: ": 0,
            "Num_Tech: ": 4,
            "Run Time: ": 0.037,
            "Score List: ": "Level 0: 29.377382 | Level 1: 0.000000 | Level 2: 0.000000 | Level 3: 0.000000 | Level 4: 0.000000 | Post Optimization: 0.000000 | Level 2: 0.000000 | Level 1: 0.000000 | Level 0: -0.298148 | Post Optimization: 0.000000 | ",
            "num level": 4
        }
    },
    "6.10.4 | Average: ": 16.72634059982888,
    "6.10.4 | Best: ": 16.72634059982888,
    "6.10.4 | STD: ": 0.0,
    "6.10.4.txt": {
        "6.10.4.txt.1": {
            "Best Score: ": 16.72634059982888,
            "Best Solution: ": "16.726341 == [] || [[2,4],[1],[3,5],[6]]",
            "Num_Drone: ": 0,
            "Num_Tech: ": 4,
            "Run Time: ": 0.037,
            "Score List: ": "Level 0: 22.592506 | Level 1: 0.000000 | Level 2: 0.000000 | Level 3: 0.000000 | Level 4: 0.000000 | Post Optimization: 0.000000 | Level 2: 0.000000 | Level 1: 0.000000 | Level 0: -0.259651 | Post Optimization: 0.000000 | ",
            "num level": 4
        }
    },
    "6.20.1 | Average: ": 31.64424343587477,
    "6.20.1 | Best: ": 31.64424343587477,
    "6.20.1 | STD: ": 0.0,
    "6.20.1.txt": {
        "6.20.1.txt.1": {
            "Best Score: ": 31.64424343587477,
            "Best Solution: ": "31.644243 == [] || [[2],[5,6,4],[1],[3]]",
            "Num_Drone: ": 0,
            "Num_Tech: ": 4,
            "Run Time: ": 0.037,
            "Score List: ": "Level 0: 43.920630 | Level 1: 0.000000 | Level 2: 0.000000 | Level 3: 0.000000 | Level 4: 0.000000 | Post Optimization: 0.000000 | Level 2: 0.000000 | Level 1: 0.000000 | Level 0: -0.279513 | Post Optimization: 0.000000 | ",
            "num level": 4
        }
    },
    "6.20.2 | Average: ": 43.52661369530811,
    "6.20.2 | Best: ": 43.52661369530811,
    "6.20.2 | STD: ": 0.0,
    "6.20.2.txt": {
        "6.20.2.txt.1": {
            "Best Score: ": 43.52661369530811,
            "Best Solution: ": "43.526614 == [] || [[5,3],[4],[1],[6,2]]",
            "Num_Drone: ": 0,
            "Num_Tech: ": 4,
            "Run Time: ": 0.037,
            "Score List: ": "Level 0: 47.304830 | Level 1: -0.000000 | Level 2: 0.000000 | Level 3: 0.000000 | Level 4: 0.000000 | Post Optimization: 0.000000 | Level 2: 0.000000 | Level 1: 0.000000 | Level 0: -0.079870 | Post Optimization: 0.000000 | ",
            "num level": 4
        }
    },
    "6.20.3 | Average: ": 43.090928705047034,
    "6.20.3 | Best: ": 43.090928705047034,
    "6.20.3 | STD: ": 0.0,
    "6.20.3.txt": {
        "6.20.3.txt.1": {
            "Best Score: ": 43.090928705047034,
            "Best Solution: ": "43.090929 == [] || [[1,5],[4,2],[3],[6]]",
            "Num_Drone: ": 0,
            "Num_Tech: ": 4,
            "Run Time: ": 0.035,
            "Score List: ": "Level 0: 43.090929 | Level 1: 0.000000 | Level 2: 0.000000 | Level 3: 0.000000 | Level 4: 0.000000 | Post Optimization: 0.000000 | Level 2: 0.000000 | Level 1: 0.000000 | Level 0: 0.000000 | Post Optimization: 0.000000 | ",
            "num level": 4
        }
    },
    "6.20.4 | Average: ": 39.97549791581313,
    "6.20.4 | Best: ": 39.97549791581313,
    "6.20.4 | STD: ": 0.0,
    "6.20.4.txt": {
        "6.20.4.txt.1": {
            "Best Score: ": 39.97549791581313,
            "Best Solution: ": "39.975498 == [] || [[1,5],[4],[3],[6,2]]",
            "Num_Drone: ": 0,
            "Num_Tech: ": 4,
            "Run Time: ": 0.035,
            "Score List: ": "Level 0: 49.164728 | Level 1: -0.000000 | Level 2: 0.000000 | Level 3: 0.000000 | Level 4: 0.000000 | Post Optimization: 0.000000 | Level 2: 0.000000 | Level 1: 0.000000 | Level 0: -0.186907 | Post Optimization: 0.000000 | ",
            "num level": 4
        }
    },
    "6.5.1 | Average: ": 11.728141158004796,
    "6.5.1 | Best: ": 11.728141158004796,
    "6.5.1 | STD: ": 0.0,
    "6.5.1.txt": {
        "6.5.1.txt.1": {
            "Best Score: ": 11.728141158004796,
            "Best Solution: ": "11.728141 == [] || [[3],[2],[4,6,1],[5]]",
            "Num_Drone: ": 0,
            "Num_Tech: ": 4,
            "Run Time: ": 0.036,
            "Score List: ": "Level 0: 13.910958 | Level 1: 0.000000 | Level 2: 0.000000 | Level 3: 0.000000 | Level 4: 0.000000 | Post Optimization: 0.000000 | Level 2: 0.000000 | Level 1: 0.000000 | Level 0: -0.156913 | Post Optimization: 0.000000 | ",
            "num level": 4
        }
    },
    "6.5.2 | Average: ": 10.418083330242618,
    "6.5.2 | Best: ": 10.418083330242618,
    "6.5.2 | STD: ": 0.0,
    "6.5.2.txt": {
        "6.5.2.txt.1": {
            "Best Score: ": 10.418083330242618,
            "Best Solution: ": "10.418083 == [] || [[2],[4],[5],[6,1,3]]",
            "Num_Drone: ": 0,
            "Num_Tech: ": 4,
            "Run Time: ": 0.037,
            "Score List: ": "Level 0: 16.226917 | Level 1: 0.000000 | Level 2: 0.000000 | Level 3: 0.000000 | Level 4: 0.000000 | Post Optimization: 0.000000 | Level 2: 0.000000 | Level 1: 0.000000 | Level 0: -0.357975 | Post Optimization: 0.000000 | ",
            "num level": 4
        }
    },
    "6.5.3 | Average: ": 10.384665853505506,
    "6.5.3 | Best: ": 10.384665853505506,
    "6.5.3 | STD: ": 0.0,
    "6.5.3.txt": {
        "6.5.3.txt.1": {
            "Best Score: ": 10.384665853505506,
            "Best Solution: ": "10.384666 == [] || [[3],[6,2],[5,1],[4]]",
            "Num_Drone: ": 0,
            "Num_Tech: ": 4,
            "Run Time: ": 0.035,
            "Score List: ": "Level 0: 14.635794 | Level 1: -0.000000 | Level 2: 0.000000 | Level 3: 0.000000 | Level 4: 0.000000 | Post Optimization: 0.000000 | Level 2: 0.000000 | Level 1: 0.000000 | Level 0: -0.290461 | Post Optimization: 0.000000 | ",
            "num level": 4
        }
    },
    "6.5.4 | Average: ": 10.952809555933175,
    "6.5.4 | Best: ": 10.952809555933175,
    "6.5.4 | STD: ": 0.0,
    "6.5.4.txt": {
        "6.5.4.txt.1": {
            "Best Score: ": 10.952809555933175,
            "Best Solution: ": "10.952810 == [] || [[5,3],[2],[6,4,1],[]]",
            "Num_Drone: ": 0,
            "Num_Tech: ": 4,
            "Run Time: ": 0.035,